{"AGM": 1.093204, "amaVit1": 1.253907, "SJMCMMRHCCO": 0.186967, "criGri1": 0.5101089999999999, "punNye1": 2.0709649999999997, "odoRosDiv1": 0.37997100000000006, "lepWed1": 0.37997100000000006, "papAnu2": 0.079626, "CCO": 0.297117, "TFTONHMPOXGG": 1.563375, "chiLan1": 0.417117, "TFTONHMPOXGGDA": 1.337735, "loxAfr3": 0.345811, "BOC": 0.288479, "HPGPNRMPC": 0.035974000000000006, "rn6": 0.509471, "tetNig2": 1.9427139999999998, "oreNil2": 1.920965, "TO": 0.294887, "astMex1": 2.037735, "eptFus1": 0.31761300000000003, "vicPac2": 0.327009, "HPGPN": 0.023934000000000004, "geoFor1": 1.3212339999999998, "oryLat2": 2.105345, "sorAra2": 0.513683, "HPGPNRMPCCSO": 0.130414, "JMCMMR": 0.309959, "RM": 0.07458400000000001, "gadMor1": 1.813375, "eriEur2": 0.46590600000000004, "AA": 1.227907, "oryCun2": 0.376911, "SVCTOPBOCECFCMAOLPPEMMESC": 0.187728, "micOch1": 0.5101089999999999, "chlSab2": 0.08797400000000001, "araMac1": 1.253907, "OL": 0.35997100000000004, "octDeg1": 0.457117, "GM": 1.124249, "OO": 0.26268400000000003, "bosTau8": 0.388479, "dasNov3": 0.366691, "taeGut2": 1.324973, "ECFCMAOL": 0.210126, "OC": 0.338479, "MAA": 1.217907, "anoCar2": 1.175061, "macEug2": 0.762001, "OX": 1.7233749999999999, "ficAlb2": 1.294973, "panHod1": 0.378479, "gorGor3": 0.019734, "EMM": 0.297613, "CFFFZGTPMAAAGM": 1.003204, "HP": 0.00655, "pteVam1": 0.351012, "PBOC": 0.278479, "FZGTP": 1.202907, "galGal4": 1.165503, "pelSin1": 0.928061, "FFFZGTPMAA": 1.113204, "ECFCMAOLPPEMM": 0.203907, "FCMAOL": 0.259971, "PP": 0.287613, "xipMac1": 2.123375, "anaPla1": 1.1932040000000002, "HMP": 1.970965, "VCTOPBOC": 0.23973399999999997, "ornAna1": 0.953149, "PA": 0.828061, "sarHar1": 0.7899930000000001, "takFla1": 2.018555, "equCab2": 0.319523, "HCCO": 0.247117, "myoLuc2": 0.390153, "TFTONHMPOXG": 1.6083749999999999, "rheMac3": 0.079575, "hg38": 0, "FZGTPMAA": 1.177907, "HPGPNRMPCCSOTSJMCMMRHCCOOOSVCTOPBOCECFCMAOLPPEMMESCLETCEODMSMOCFFFZGTPMAAAGMACCPAAXLTFTONHMPOXGGDAL": 0.8674149999999999, "ZG": 1.2799729999999998, "ZGT": 1.264973, "RMP": 0.07158400000000001, "EC": 0.260126, "SC": 0.344121, "MCMMR": 0.37010899999999997, "camFer1": 0.31973399999999996, "cerSim1": 0.28512600000000005, "ailMel1": 0.35997100000000004, "MM": 0.347613, "macFas5": 0.079575, "calJac3": 0.10745400000000001, "HPGPNRMPCCSOTSJMCMMRHCCOOOSVCTOPBOCECFCMAOLPPEMMESCLETCEODMSMOCFFFZGTPMAAAGMACCPAAX": 0.656061, "LETCEO": 0.216882, "melUnd1": 1.2648920000000001, "neoBri1": 1.970965, "conCri1": 0.444121, "MP": 2.020965, "MR": 0.417882, "TFTONHMP": 1.7209649999999999, "monDom5": 0.765679, "pteAle1": 0.337613, "SVCTOPBOCECFCMAOLPPEMM": 0.199399, "SJMCMMR": 0.209959, "AOL": 0.339971, "FT": 1.918555, "latCha1": 1.734005, "HPGP": 0.020463000000000002, "CFFFZGTPMAAAGMACCPA": 0.738061, "saiBol1": 0.08780400000000001, "HPGPNRMPCCS": 0.05780400000000001, "FF": 1.143204, "HPGPNRMPCCSOTSJMCMMRHCCOOOSVCTOPBOCECFCMAOLPPEMMESCLETCEODMSM": 0.42489299999999997, "CFFFZGTPMAAAGMACCPAA": 0.728061, "HPGPNRMPCCSOTSJMCMMRHCCOOOSVCTOPBOCECFCMAOLPPEMMESC": 0.166501, "jacJac1": 0.40995899999999996, "susScr3": 0.339399, "canFam3": 0.33242900000000003, "echTel2": 0.492818, "HPGPNRMPCCSOTSJMCMMRHCCOOOSVCTOPBOCECFCMAOLPPEMMESCLETCEODMSMOCFFFZGTPMAAAGMACCPAA": 0.606061, "TOPBOC": 0.264887, "capHir1": 0.38847899999999996, "SJMCMMRHCCOOO": 0.161221, "ponAbe2": 0.039403, "CM": 0.47010899999999994, "CC": 0.828061, "HPGPNRMPCCSOTSJMCMMRHCCOOOSVCTOPBOCECFCMAOLPPEMMESCLETCEODMSMO": 0.49655699999999997, "pseHum1": 1.262907, "MCM": 0.43010899999999996, "CE": 0.256882, "hapBur1": 2.020965, "CS": 0.07745400000000001, "mm10": 0.502391, "HPGPNRMPCCSOTSJMCMMRHCCOOO": 0.145908, "DA": 1.637735, "RMPC": 0.06097400000000001, "SM": 0.6899930000000001, "xenTro7": 1.6340050000000002, "falPer1": 1.2432040000000002, "fr3": 2.022402, "HPGPNRMPCCSOTSJMCMMRHCCOOOSVCTOPBOCECFCMAOLPPEMMESCLETCEODMSMOCFFFZGTPMAAAGMACCPAAXLTFTONHMPOXGGDALP": 1.067415, "colLiv1": 1.1532040000000001, "LET": 0.296579, "gasAcu1": 1.8547879999999999, "HPGPNRMPCCSOT": 0.143908, "nomLeu3": 0.04620400000000001, "LETCEOD": 0.196882, "zonAlb1": 1.3144299999999998, "tupChi1": 0.31884500000000005, "danRer10": 2.068487, "chrAsi1": 0.28688199999999997, "cavPor3": 0.362746, "HPGPNRMPCCSOTSJMCMMRHCCOOOSVCTOPBOCECFCMAOLPPEMMESCLETCEODMSMOCFFFZGTPMAAAGMACCPAAXL": 0.756061, "panTro4": 0.013389999999999999, "FZGT": 1.254973, "cheMyd1": 0.928061, "triMan1": 0.396579, "MSM": 0.639993, "lepOcu1": 1.594103, "NHMP": 1.920965, "CO": 0.357117, "ONHMP": 1.820965, "LE": 0.34356899999999996, "apaSpi1": 0.928061, "mesAur1": 0.5101089999999999, "LETCE": 0.246882, "eleEdw1": 0.39356899999999995, "CMAOL": 0.279971, "HPGPNRMPCCSOTSJMCMMRHCCOOOSVCTOPBOCECFCMAOLPPEMMESCLETCEOD": 0.190165, "musFur1": 0.359971, "ochPri3": 0.463753, "melGal1": 1.209967, "petMar2": 2.043162, "VC": 0.279734, "oryAfe1": 0.246882, "hetGla2": 0.347117, "turTru2": 0.329575, "SVCTOPBOC": 0.21939899999999998, "TFTONHMPOX": 1.6233749999999998, "mayZeb1": 2.0709649999999997, "ESC": 0.244121, "speTri2": 0.33542700000000003, "allMis1": 1.033204, "oviAri3": 0.38847899999999996, "HPG": 0.01077, "TFTONHMPOXGGDAL": 1.194103, "otoGar3": 0.27033399999999996, "myoDav1": 0.387613, "falChe1": 1.2432040000000002, "CFFFZGTPMAAAGMA": 0.783204, "PPEMM": 0.23761300000000002, "CCPA": 0.778061, "felCat8": 0.358583, "CFFFZGTPMAA": 1.053204, "TFT": 1.818555, "orcOrc1": 0.334575, "MAOL": 0.309971, "chrPic2": 0.928061}